lethingocmai,lethingocmai0300,Le Thi Ngoc,Mai,Nu,20140300,11,05,2002,579163217
trangiaman,trangiaman0302,Tran Gia,Man,Nu,20140302,23,11,2002,873067265
vuquangman,vuquangman0303,Vu Quang,Man,Nam,20140303,12,01,2002,795021010
nguyenhungquangminh,nguyenhungquangminh0304,Nguyen Hung Quang,Minh,Nu,20140304,02,01,2002,680767119
nguyenthinguyetminh,nguyenthinguyetminh0305,Nguyen Thi Nguyet,Minh,Nu,20140305,02,07,2002,444482008
dangtieumy,dangtieumy0306,Dang Tieu,My,Nu,20140306,18,05,2002,912655348
phamhainam,phamhainam0307,Pham Hai,Nam,Nam,20140307,04,10,2002,499628125
dangthithanhngan,dangthithanhngan0308,Dang Thi Thanh,Ngan,Nu,20140308,03,09,2002,482232069
lenguyenkimngan,lenguyenkimngan0310,Le Nguyen Kim,Ngan,Nu,20140310,23,02,2002,815181517
lethithanhngan,lethithanhngan0311,Le Thi Thanh,Ngan,Nu,20140311,03,08,2002,648264160
lethithuyngan,lethithuyngan0312,Le Thi Thuy,Ngan,Nu,20140312,27,04,2002,667966067
nguyenthikimngan,nguyenthikimngan0313,Nguyen Thi Kim,Ngan,Nu,20140313,18,02,2002,548806727
nguyentranhieungan,nguyentranhieungan0314,Nguyen Tran Hieu,Ngan,Nu,20140314,23,07,2002,726923351
phamthikimngan,phamthikimngan0315,Pham Thi Kim,Ngan,Nu,20140315,17,07,2002,795424111
vothikimngan,vothikimngan0316,Vo Thi Kim,Ngan,Nu,20140316,11,07,2002,545690673
tranvinhnghi,tranvinhnghi0317,Tran Vinh,Nghi,Nam,20140317,24,06,2002,844112925
vomymannghi,vomymannghi0318,Vo My Man,Nghi,Nu,20140318,10,05,2002,347184979
nguyenduongnhungoc,nguyenduongnhungoc0319,Nguyen Duong Nhu,Ngoc,Nu,20140319,14,09,2002,835161885
tranthihongngoc,tranthihongngoc0320,Tran Thi Hong,Ngoc,Nu,20140320,27,08,2002,279074371
nguyenngocbaonguyen,nguyenngocbaonguyen0321,Nguyen Ngoc Bao,Nguyen,Nu,20140321,08,03,2002,430807533
nguyendinhhieunhan,nguyendinhhieunhan0322,Nguyen Dinh Hieu,Nhan,Nam,20140322,04,03,2002,713909901
chauvannhat,chauvannhat0323,Chau Van,Nhat,Nam,20140323,31,07,2002,472261273
lethiminhnhat,lethiminhnhat0324,Le Thi Minh,Nhat,Nu,20140324,20,11,2002,374254237
khongthiyennhi,khongthiyennhi0325,Khong Thi Yen,Nhi,Nu,20140325,21,09,2002,412763273
matieunhi,matieunhi0326,Ma Tieu,Nhi,Nu,20140326,16,09,2002,940495856
ngonguyetnhi,ngonguyetnhi0327,Ngo Nguyet,Nhi,Nu,20140327,04,12,2002,294791305
nguyenthingocnhi,nguyenthingocnhi0328,Nguyen Thi Ngoc,Nhi,Nu,20140328,18,04,2002,871220309
nguyenthiynhi,nguyenthiynhi0329,Nguyen Thi Y,Nhi,Nu,20140329,10,08,2002,360319662
phamvuhiennhi,phamvuhiennhi0330,Pham Vu Hien,Nhi,Nu,20140330,30,07,2002,251215907
phungyennhi,phungyennhi0331,Phung Yen,Nhi,Nu,20140331,10,12,2002,794361416
tranminhnhi,tranminhnhi0332,Tran Minh,Nhi,Nu,20140332,19,03,2002,698769239
tranyennhi,tranyennhi0333,Tran Yen,Nhi,Nu,20140333,08,06,2002,617557755
vuhanhnhi,vuhanhnhi0334,Vu Hanh,Nhi,Nu,20140334,10,10,2002,908000849
huynhnhu,huynhnhu0335,Huynh,Nhu,Nu,20140335,27,05,2002,972088694
lequynhnhu,lequynhnhu0336,Le Quynh,Nhu,Nu,20140336,22,10,2002,733250684
nguyenphamhuynhnhu,nguyenphamhuynhnhu0337,Nguyen Pham Huynh,Nhu,Nu,20140337,12,08,2002,845320049
vuonghongnhung,vuonghongnhung0338,Vuong Hong,Nhung,Nu,20140338,17,12,2002,314771160
nguyenthikieuoanh,nguyenthikieuoanh0339,Nguyen Thi Kieu,Oanh,Nu,20140339,09,08,2002,695041373
vothikieuoanh,vothikieuoanh0340,Vo Thi Kieu,Oanh,Nu,20140340,26,02,2002,737749079
nguyenhongphat,nguyenhongphat0341,Nguyen Hong,Phat,Nam,20140341,26,09,2002,201662951
nguyenthanhphong,nguyenthanhphong0342,Nguyen Thanh,Phong,Nam,20140342,30,06,2002,296621933
buiquangphuc,buiquangphuc0343,Bui Quang,Phuc,Nam,20140343,20,04,2002,708684015
hoangminhphuc,hoangminhphuc0344,Hoang Minh,Phuc,Nam,20140344,29,01,2002,475355220
vuducphuc,vuducphuc0345,Vu Duc,Phuc,Nam,20140345,24,05,2002,525322114
buingocyenphung,buingocyenphung0346,Bui Ngoc Yen,Phung,Nu,20140346,09,05,2002,440758152
lyminhphung,lyminhphung0347,Ly Minh,Phung,Nu,20140347,19,07,2002,486267002
nguyenthidiemphuong,nguyenthidiemphuong0348,Nguyen Thi Diem,Phuong,Nu,20140348,14,11,2002,456532142
nguyenthikimphuong,nguyenthikimphuong0349,Nguyen Thi Kim,Phuong,Nu,20140349,25,08,2002,901410041
tranthiminhphuong,tranthiminhphuong0350,Tran Thi Minh,Phuong,Nu,20140350,05,03,2002,352546227
tathiphuong,tathiphuong0351,Ta Thi,Phuong,Nu,20140351,23,03,2002,818424529
